id_registro,fecha,producto,mercado,precio_minimo,precio_maximo,precio_promedio,temp_min,temp_max,lluvia_mm,alerta_helada_previa
342,2026-01-02,Palta,Vega Monumental Concepción,3600.0,3600.0,3600.0,2.0,31.3,161.3,1
343,2026-01-02,Palta,Vega Monumental Concepción,3300.0,3300.0,3300.0,2.0,31.3,161.3,1
344,2026-01-02,Palta,Vega Monumental Concepción,2800.0,2800.0,2800.0,2.0,31.3,161.3,1
345,2026-01-02,Palta,Vega Central Mapocho de Santiago,4200.0,4200.0,4200.0,2.0,31.3,161.3,1
346,2026-01-02,Palta,Mercado Mayorista Lo Valledor de Santiago,4000.0,4000.0,4000.0,2.0,31.3,161.3,1
347,2026-01-02,Palta,Vega Central Mapocho de Santiago,3800.0,3800.0,3800.0,2.0,31.3,161.3,1
348,2026-01-02,Palta,Mercado Mayorista Lo Valledor de Santiago,3700.0,3700.0,3700.0,2.0,31.3,161.3,1
349,2026-01-02,Palta,Terminal La Palmera de La Serena,3300.0,3400.0,3350.0,2.0,31.3,161.3,1
350,2026-01-02,Palta,Vega Central Mapocho de Santiago,3400.0,3400.0,3400.0,2.0,31.3,161.3,1
351,2026-01-02,Palta,Mercado Mayorista Lo Valledor de Santiago,3300.0,3300.0,3300.0,2.0,31.3,161.3,1
352,2026-01-02,Palta,Terminal La Palmera de La Serena,2900.0,3000.0,2950.0,2.0,31.3,161.3,1
353,2026-01-02,Palta,Vega Central Mapocho de Santiago,3000.0,3000.0,3000.0,2.0,31.3,161.3,1
354,2026-01-02,Palta,Mercado Mayorista Lo Valledor de Santiago,2900.0,2900.0,2900.0,2.0,31.3,161.3,1
355,2026-01-02,Palta,Terminal La Palmera de La Serena,2500.0,2600.0,2550.0,2.0,31.3,161.3,1
356,2026-01-02,Palta,Vega Central Mapocho de Santiago,2500.0,2500.0,2500.0,2.0,31.3,161.3,1
357,2026-01-02,Palta,Mercado Mayorista Lo Valledor de Santiago,2500.0,2500.0,2500.0,2.0,31.3,161.3,1
358,2026-01-02,Palta,Terminal La Palmera de La Serena,2100.0,2200.0,2150.0,2.0,31.3,161.3,1
359,2026-01-02,Palta,Mercado Mayorista Lo Valledor de Santiago,2000.0,2000.0,2000.0,2.0,31.3,161.3,1
360,2026-01-02,Palta,Femacal de La Calera,3400.0,3400.0,3400.0,2.0,31.3,161.3,1
361,2026-01-02,Palta,Femacal de La Calera,3000.0,3000.0,3000.0,2.0,31.3,161.3,1
362,2026-01-02,Palta,Femacal de La Calera,2700.0,2700.0,2700.0,2.0,31.3,161.3,1
363,2026-01-02,Palta,Mercado Mayorista Lo Valledor de Santiago,4000.0,4000.0,4000.0,2.0,31.3,161.3,1
364,2026-01-02,Palta,Mercado Mayorista Lo Valledor de Santiago,3600.0,3800.0,3702.7027,2.0,31.3,161.3,1
365,2026-01-02,Palta,Macroferia Regional de Talca,3500.0,3500.0,3500.0,2.0,31.3,161.3,1
366,2026-01-02,Palta,Mercado Mayorista Lo Valledor de Santiago,3300.0,3600.0,3453.6585,2.0,31.3,161.3,1
367,2026-01-02,Palta,Macroferia Regional de Talca,3300.0,3300.0,3300.0,2.0,31.3,161.3,1
368,2026-01-02,Palta,Terminal Hortofrutícola Agro Chillán,3000.0,3000.0,3000.0,2.0,31.3,161.3,1
369,2026-01-02,Palta,Mercado Mayorista Lo Valledor de Santiago,2700.0,3300.0,2992.6829,2.0,31.3,161.3,1
370,2026-01-02,Palta,Macroferia Regional de Talca,2900.0,2900.0,2900.0,2.0,31.3,161.3,1
371,2026-01-02,Palta,Terminal Hortofrutícola Agro Chillán,2700.0,2700.0,2700.0,2.0,31.3,161.3,1
372,2026-01-02,Palta,Mercado Mayorista Lo Valledor de Santiago,2300.0,2900.0,2630.0,2.0,31.3,161.3,1
373,2026-01-02,Palta,Vega Modelo de Temuco,3500.0,3800.0,3651.3274,2.0,31.3,161.3,1
374,2026-01-02,Palta,Vega Modelo de Temuco,2800.0,2800.0,2800.0,2.0,31.3,161.3,1
375,2026-01-02,Palta,Vega Modelo de Temuco,2500.0,2500.0,2500.0,2.0,31.3,161.3,1
376,2026-01-02,Palta,Vega Modelo de Temuco,2000.0,2000.0,2000.0,2.0,31.3,161.3,1
377,2026-01-02,Palta,Vega Central Mapocho de Santiago,2400.0,2400.0,2400.0,2.0,31.3,161.3,1
378,2026-01-02,Palta,Mercado Mayorista Lo Valledor de Santiago,2200.0,2200.0,2200.0,2.0,31.3,161.3,1
379,2026-01-02,Palta,Mercado Mayorista Lo Valledor de Santiago,3800.0,3800.0,3800.0,2.0,31.3,161.3,1
380,2026-01-02,Palta,Vega Central Mapocho de Santiago,2200.0,2200.0,2200.0,2.0,31.3,161.3,1
381,2026-01-02,Palta,Mercado Mayorista Lo Valledor de Santiago,2000.0,2000.0,2000.0,2.0,31.3,161.3,1
382,2026-01-02,Palta,Mercado Mayorista Lo Valledor de Santiago,3500.0,3500.0,3500.0,2.0,31.3,161.3,1
383,2026-01-02,Palta,Vega Central Mapocho de Santiago,2000.0,2000.0,2000.0,2.0,31.3,161.3,1
384,2026-01-02,Palta,Mercado Mayorista Lo Valledor de Santiago,1800.0,1800.0,1800.0,2.0,31.3,161.3,1
385,2026-01-02,Palta,Mercado Mayorista Lo Valledor de Santiago,3200.0,3200.0,3200.0,2.0,31.3,161.3,1
386,2026-01-02,Palta,Vega Central Mapocho de Santiago,1800.0,1800.0,1800.0,2.0,31.3,161.3,1
387,2026-01-02,Palta,Mercado Mayorista Lo Valledor de Santiago,1500.0,1500.0,1500.0,2.0,31.3,161.3,1
388,2026-01-02,Palta,Mercado Mayorista Lo Valledor de Santiago,2700.0,2700.0,2700.0,2.0,31.3,161.3,1
389,2026-01-02,Palta,Mercado Mayorista Lo Valledor de Santiago,1200.0,1200.0,1200.0,2.0,31.3,161.3,1
390,2026-01-02,Palta,Mercado Mayorista Lo Valledor de Santiago,2400.0,2400.0,2400.0,2.0,31.3,161.3,1
391,2026-01-02,Palta,Mercado Mayorista Lo Valledor de Santiago,1800.0,1800.0,1800.0,2.0,31.3,161.3,1
960,2026-01-05,Palta,Mercado Mayorista Lo Valledor de Santiago,4000.0,4000.0,4000.0,2.0,31.3,161.3,1
961,2026-01-05,Palta,Mercado Mayorista Lo Valledor de Santiago,3700.0,3700.0,3700.0,2.0,31.3,161.3,1
962,2026-01-05,Palta,Terminal La Palmera de La Serena,3300.0,3400.0,3350.0,2.0,31.3,161.3,1
963,2026-01-05,Palta,Mercado Mayorista Lo Valledor de Santiago,3300.0,3300.0,3300.0,2.0,31.3,161.3,1
964,2026-01-05,Palta,Terminal La Palmera de La Serena,2900.0,3000.0,2950.0,2.0,31.3,161.3,1
965,2026-01-05,Palta,Mercado Mayorista Lo Valledor de Santiago,2900.0,2900.0,2900.0,2.0,31.3,161.3,1
966,2026-01-05,Palta,Terminal La Palmera de La Serena,2500.0,2600.0,2550.0,2.0,31.3,161.3,1
967,2026-01-05,Palta,Mercado Mayorista Lo Valledor de Santiago,2400.0,2400.0,2400.0,2.0,31.3,161.3,1
968,2026-01-05,Palta,Terminal La Palmera de La Serena,2100.0,2200.0,2150.0,2.0,31.3,161.3,1
969,2026-01-05,Palta,Femacal de La Calera,3300.0,3300.0,3300.0,2.0,31.3,161.3,1
970,2026-01-05,Palta,Femacal de La Calera,3000.0,3000.0,3000.0,2.0,31.3,161.3,1
971,2026-01-05,Palta,Femacal de La Calera,2600.0,2600.0,2600.0,2.0,31.3,161.3,1
972,2026-01-05,Palta,Terminal Hortofrutícola Agro Chillán,3000.0,3200.0,3100.0,2.0,31.3,161.3,1
973,2026-01-05,Palta,Terminal Hortofrutícola Agro Chillán,2800.0,2800.0,2800.0,2.0,31.3,161.3,1
974,2026-01-05,Palta,Terminal Hortofrutícola Agro Chillán,2500.0,2500.0,2500.0,2.0,31.3,161.3,1
975,2026-01-05,Palta,Macroferia Regional de Talca,35000.0,35000.0,35000.0,2.0,31.3,161.3,1
976,2026-01-05,Palta,Macroferia Regional de Talca,33000.0,33000.0,33000.0,2.0,31.3,161.3,1
977,2026-01-05,Palta,Macroferia Regional de Talca,25000.0,29000.0,26684.2105,2.0,31.3,161.3,1
978,2026-01-05,Palta,Vega Modelo de Temuco,3500.0,4000.0,3657.8947,2.0,31.3,161.3,1
979,2026-01-05,Palta,Vega Modelo de Temuco,3300.0,3300.0,3300.0,2.0,31.3,161.3,1
980,2026-01-05,Palta,Vega Modelo de Temuco,2800.0,2800.0,2800.0,2.0,31.3,161.3,1
981,2026-01-05,Palta,Vega Modelo de Temuco,2500.0,2500.0,2500.0,2.0,31.3,161.3,1
982,2026-01-05,Palta,Vega Modelo de Temuco,2000.0,2000.0,2000.0,2.0,31.3,161.3,1
983,2026-01-05,Palta,Mercado Mayorista Lo Valledor de Santiago,2200.0,2200.0,2200.0,2.0,31.3,161.3,1
984,2026-01-05,Palta,Mercado Mayorista Lo Valledor de Santiago,3800.0,3800.0,3800.0,2.0,31.3,161.3,1
985,2026-01-05,Palta,Mercado Mayorista Lo Valledor de Santiago,2000.0,2000.0,2000.0,2.0,31.3,161.3,1
986,2026-01-05,Palta,Vega Central Mapocho de Santiago,3400.0,3800.0,3600.0,2.0,31.3,161.3,1
987,2026-01-05,Palta,Mercado Mayorista Lo Valledor de Santiago,3500.0,3500.0,3500.0,2.0,31.3,161.3,1
988,2026-01-05,Palta,Mercado Mayorista Lo Valledor de Santiago,1800.0,1800.0,1800.0,2.0,31.3,161.3,1
989,2026-01-05,Palta,Vega Central Mapocho de Santiago,3200.0,3400.0,3300.0,2.0,31.3,161.3,1
990,2026-01-05,Palta,Mercado Mayorista Lo Valledor de Santiago,3100.0,3100.0,3100.0,2.0,31.3,161.3,1
991,2026-01-05,Palta,Mercado Mayorista Lo Valledor de Santiago,1500.0,1500.0,1500.0,2.0,31.3,161.3,1
992,2026-01-05,Palta,Vega Central Mapocho de Santiago,2800.0,3200.0,3000.0,2.0,31.3,161.3,1
993,2026-01-05,Palta,Mercado Mayorista Lo Valledor de Santiago,2800.0,2800.0,2800.0,2.0,31.3,161.3,1
994,2026-01-05,Palta,Mercado Mayorista Lo Valledor de Santiago,1200.0,1200.0,1200.0,2.0,31.3,161.3,1
995,2026-01-05,Palta,Vega Central Mapocho de Santiago,2400.0,2800.0,2600.0,2.0,31.3,161.3,1
996,2026-01-05,Palta,Mercado Mayorista Lo Valledor de Santiago,2200.0,2200.0,2200.0,2.0,31.3,161.3,1
1740,2026-01-06,Palta,Mercado Mayorista Lo Valledor de Santiago,4000.0,4000.0,4000.0,2.0,31.3,161.3,1
1741,2026-01-06,Palta,Mercado Mayorista Lo Valledor de Santiago,3700.0,3700.0,3700.0,2.0,31.3,161.3,1
1742,2026-01-06,Palta,Comercializadora del Agro de Limarí,3100.0,3200.0,3150.0,2.0,31.3,161.3,1
1743,2026-01-06,Palta,Mercado Mayorista Lo Valledor de Santiago,3300.0,3300.0,3300.0,2.0,31.3,161.3,1
1744,2026-01-06,Palta,Comercializadora del Agro de Limarí,2700.0,2800.0,2750.0,2.0,31.3,161.3,1
1745,2026-01-06,Palta,Mercado Mayorista Lo Valledor de Santiago,2900.0,2900.0,2900.0,2.0,31.3,161.3,1
1746,2026-01-06,Palta,Comercializadora del Agro de Limarí,2300.0,2400.0,2350.0,2.0,31.3,161.3,1
1747,2026-01-06,Palta,Mercado Mayorista Lo Valledor de Santiago,2400.0,2400.0,2400.0,2.0,31.3,161.3,1
1748,2026-01-06,Palta,Comercializadora del Agro de Limarí,1900.0,2000.0,1950.0,2.0,31.3,161.3,1
1749,2026-01-06,Palta,Femacal de La Calera,3300.0,3300.0,3300.0,2.0,31.3,161.3,1
1750,2026-01-06,Palta,Femacal de La Calera,3000.0,3000.0,3000.0,2.0,31.3,161.3,1
1751,2026-01-06,Palta,Femacal de La Calera,2600.0,2600.0,2600.0,2.0,31.3,161.3,1
1752,2026-01-06,Palta,Vega Central Mapocho de Santiago,2000.0,2000.0,2000.0,2.0,31.3,161.3,1
1753,2026-01-06,Palta,Vega Central Mapocho de Santiago,3700.0,3700.0,3700.0,2.0,31.3,161.3,1
1754,2026-01-06,Palta,Feria Lagunitas de Puerto Montt,4800.0,4800.0,4800.0,2.0,31.3,161.3,1
1755,2026-01-06,Palta,Vega Central Mapocho de Santiago,1800.0,1800.0,1800.0,2.0,31.3,161.3,1
1756,2026-01-06,Palta,Vega Central Mapocho de Santiago,3300.0,3300.0,3300.0,2.0,31.3,161.3,1
1757,2026-01-06,Palta,Vega Monumental Concepción,3500.0,3500.0,3500.0,2.0,31.3,161.3,1
1758,2026-01-06,Palta,Vega Central Mapocho de Santiago,1600.0,1600.0,1600.0,2.0,31.3,161.3,1
1759,2026-01-06,Palta,Vega Central Mapocho de Santiago,2900.0,2900.0,2900.0,2.0,31.3,161.3,1
1760,2026-01-06,Palta,Vega Monumental Concepción,3000.0,3000.0,3000.0,2.0,31.3,161.3,1
1761,2026-01-06,Palta,Vega Central Mapocho de Santiago,2300.0,2300.0,2300.0,2.0,31.3,161.3,1
1762,2026-01-06,Palta,Macroferia Regional de Talca,35000.0,35000.0,35000.0,2.0,31.3,161.3,1
1763,2026-01-06,Palta,Terminal Hortofrutícola Agro Chillán,32000.0,35000.0,33500.0,2.0,31.3,161.3,1
1764,2026-01-06,Palta,Macroferia Regional de Talca,33000.0,33000.0,33000.0,2.0,31.3,161.3,1
1765,2026-01-06,Palta,Terminal Hortofrutícola Agro Chillán,30000.0,30000.0,30000.0,2.0,31.3,161.3,1
1766,2026-01-06,Palta,Macroferia Regional de Talca,29000.0,29000.0,29000.0,2.0,31.3,161.3,1
1767,2026-01-06,Palta,Terminal Hortofrutícola Agro Chillán,24000.0,26000.0,25000.0,2.0,31.3,161.3,1
1768,2026-01-06,Palta,Vega Modelo de Temuco,3400.0,3800.0,3586.6666,2.0,31.3,161.3,1
1769,2026-01-06,Palta,Vega Modelo de Temuco,2900.0,3000.0,2953.3333,2.0,31.3,161.3,1
1770,2026-01-06,Palta,Vega Modelo de Temuco,2500.0,2500.0,2500.0,2.0,31.3,161.3,1
1771,2026-01-06,Palta,Vega Modelo de Temuco,2000.0,2200.0,2125.0,2.0,31.3,161.3,1
1772,2026-01-06,Palta,Mercado Mayorista Lo Valledor de Santiago,2200.0,2200.0,2200.0,2.0,31.3,161.3,1
1773,2026-01-06,Palta,Mercado Mayorista Lo Valledor de Santiago,3800.0,3800.0,3800.0,2.0,31.3,161.3,1
1774,2026-01-06,Palta,Mercado Mayorista Lo Valledor de Santiago,2000.0,2000.0,2000.0,2.0,31.3,161.3,1
1775,2026-01-06,Palta,Mercado Mayorista Lo Valledor de Santiago,3500.0,3500.0,3500.0,2.0,31.3,161.3,1
1776,2026-01-06,Palta,Mercado Mayorista Lo Valledor de Santiago,1800.0,1800.0,1800.0,2.0,31.3,161.3,1
1777,2026-01-06,Palta,Mercado Mayorista Lo Valledor de Santiago,1500.0,1500.0,1500.0,2.0,31.3,161.3,1
1778,2026-01-06,Palta,Mercado Mayorista Lo Valledor de Santiago,2700.0,2700.0,2700.0,2.0,31.3,161.3,1
1779,2026-01-06,Palta,Mercado Mayorista Lo Valledor de Santiago,1200.0,1200.0,1200.0,2.0,31.3,161.3,1
1780,2026-01-06,Palta,Mercado Mayorista Lo Valledor de Santiago,2200.0,2200.0,2200.0,2.0,31.3,161.3,1
2536,2026-01-07,Palta,Mercado Mayorista Lo Valledor de Santiago,4000.0,4000.0,4000.0,2.0,31.3,161.3,1
2537,2026-01-07,Palta,Mercado Mayorista Lo Valledor de Santiago,3700.0,3700.0,3700.0,2.0,31.3,161.3,1
2538,2026-01-07,Palta,Comercializadora del Agro de Limarí,3200.0,3300.0,3250.0,2.0,31.3,161.3,1
2539,2026-01-07,Palta,Mercado Mayorista Lo Valledor de Santiago,3300.0,3300.0,3300.0,2.0,31.3,161.3,1
2540,2026-01-07,Palta,Comercializadora del Agro de Limarí,2800.0,2900.0,2850.0,2.0,31.3,161.3,1
2541,2026-01-07,Palta,Mercado Mayorista Lo Valledor de Santiago,2900.0,2900.0,2900.0,2.0,31.3,161.3,1
2542,2026-01-07,Palta,Comercializadora del Agro de Limarí,2400.0,2500.0,2450.0,2.0,31.3,161.3,1
2543,2026-01-07,Palta,Mercado Mayorista Lo Valledor de Santiago,2400.0,2400.0,2400.0,2.0,31.3,161.3,1
2544,2026-01-07,Palta,Comercializadora del Agro de Limarí,2000.0,2100.0,2050.0,2.0,31.3,161.3,1
2545,2026-01-07,Palta,Femacal de La Calera,3400.0,3400.0,3400.0,2.0,31.3,161.3,1
2546,2026-01-07,Palta,Femacal de La Calera,3000.0,3000.0,3000.0,2.0,31.3,161.3,1
2547,2026-01-07,Palta,Femacal de La Calera,2600.0,2600.0,2600.0,2.0,31.3,161.3,1
2548,2026-01-07,Palta,Femacal de La Calera,2200.0,2200.0,2200.0,2.0,31.3,161.3,1
2549,2026-01-07,Palta,Mercado Mayorista Lo Valledor de Santiago,4000.0,4000.0,4000.0,2.0,31.3,161.3,1
2550,2026-01-07,Palta,Vega Central Mapocho de Santiago,3600.0,3600.0,3600.0,2.0,31.3,161.3,1
2551,2026-01-07,Palta,Mercado Mayorista Lo Valledor de Santiago,3600.0,3600.0,3600.0,2.0,31.3,161.3,1
2552,2026-01-07,Palta,Vega Central Mapocho de Santiago,3300.0,3300.0,3300.0,2.0,31.3,161.3,1
2553,2026-01-07,Palta,Mercado Mayorista Lo Valledor de Santiago,3300.0,3300.0,3300.0,2.0,31.3,161.3,1
2554,2026-01-07,Palta,Vega Monumental Concepción,3500.0,3500.0,3500.0,2.0,31.3,161.3,1
2555,2026-01-07,Palta,Vega Central Mapocho de Santiago,2800.0,2800.0,2800.0,2.0,31.3,161.3,1
2556,2026-01-07,Palta,Mercado Mayorista Lo Valledor de Santiago,2700.0,2700.0,2700.0,2.0,31.3,161.3,1
2557,2026-01-07,Palta,Vega Monumental Concepción,3200.0,3200.0,3200.0,2.0,31.3,161.3,1
2558,2026-01-07,Palta,Vega Central Mapocho de Santiago,2300.0,2300.0,2300.0,2.0,31.3,161.3,1
2559,2026-01-07,Palta,Mercado Mayorista Lo Valledor de Santiago,2300.0,2300.0,2300.0,2.0,31.3,161.3,1
2560,2026-01-07,Palta,Macroferia Regional de Talca,36000.0,36000.0,36000.0,2.0,31.3,161.3,1
2561,2026-01-07,Palta,Macroferia Regional de Talca,34000.0,34000.0,34000.0,2.0,31.3,161.3,1
2562,2026-01-07,Palta,Macroferia Regional de Talca,32000.0,32000.0,32000.0,2.0,31.3,161.3,1
2563,2026-01-07,Palta,Vega Modelo de Temuco,3400.0,3400.0,3400.0,2.0,31.3,161.3,1
2564,2026-01-07,Palta,Vega Modelo de Temuco,2800.0,2900.0,2857.1428,2.0,31.3,161.3,1
2565,2026-01-07,Palta,Vega Modelo de Temuco,2500.0,2500.0,2500.0,2.0,31.3,161.3,1
2566,2026-01-07,Palta,Vega Modelo de Temuco,2000.0,2200.0,2080.0,2.0,31.3,161.3,1
2567,2026-01-07,Palta,Mercado Mayorista Lo Valledor de Santiago,2200.0,2200.0,2200.0,2.0,31.3,161.3,1
2568,2026-01-07,Palta,Mercado Mayorista Lo Valledor de Santiago,2000.0,2000.0,2000.0,2.0,31.3,161.3,1
2569,2026-01-07,Palta,Mercado Mayorista Lo Valledor de Santiago,1800.0,1800.0,1800.0,2.0,31.3,161.3,1
2570,2026-01-07,Palta,Mercado Mayorista Lo Valledor de Santiago,1500.0,1500.0,1500.0,2.0,31.3,161.3,1
2571,2026-01-07,Palta,Mercado Mayorista Lo Valledor de Santiago,1200.0,1200.0,1200.0,2.0,31.3,161.3,1
3361,2026-01-08,Palta,Mercado Mayorista Lo Valledor de Santiago,4000.0,4000.0,4000.0,2.0,31.3,161.3,1
3362,2026-01-08,Palta,Mercado Mayorista Lo Valledor de Santiago,3700.0,3700.0,3700.0,2.0,31.3,161.3,1
3363,2026-01-08,Palta,Terminal La Palmera de La Serena,3400.0,3500.0,3450.0,2.0,31.3,161.3,1
3364,2026-01-08,Palta,Mercado Mayorista Lo Valledor de Santiago,3400.0,3400.0,3400.0,2.0,31.3,161.3,1
3365,2026-01-08,Palta,Terminal La Palmera de La Serena,3000.0,3100.0,3050.0,2.0,31.3,161.3,1
3366,2026-01-08,Palta,Mercado Mayorista Lo Valledor de Santiago,3000.0,3000.0,3000.0,2.0,31.3,161.3,1
3367,2026-01-08,Palta,Terminal La Palmera de La Serena,2600.0,2700.0,2650.0,2.0,31.3,161.3,1
3368,2026-01-08,Palta,Mercado Mayorista Lo Valledor de Santiago,2700.0,2700.0,2700.0,2.0,31.3,161.3,1
3369,2026-01-08,Palta,Terminal La Palmera de La Serena,2200.0,2300.0,2250.0,2.0,31.3,161.3,1
3370,2026-01-08,Palta,Femacal de La Calera,3400.0,3400.0,3400.0,2.0,31.3,161.3,1
3371,2026-01-08,Palta,Femacal de La Calera,3000.0,3000.0,3000.0,2.0,31.3,161.3,1
3372,2026-01-08,Palta,Femacal de La Calera,2600.0,2600.0,2600.0,2.0,31.3,161.3,1
3373,2026-01-08,Palta,Femacal de La Calera,2200.0,2200.0,2200.0,2.0,31.3,161.3,1
3374,2026-01-08,Palta,Mercado Mayorista Lo Valledor de Santiago,4000.0,4000.0,4000.0,2.0,31.3,161.3,1
3375,2026-01-08,Palta,Vega Central Mapocho de Santiago,2000.0,2000.0,2000.0,2.0,31.3,161.3,1
3376,2026-01-08,Palta,Vega Central Mapocho de Santiago,3600.0,3600.0,3600.0,2.0,31.3,161.3,1
3377,2026-01-08,Palta,Mercado Mayorista Lo Valledor de Santiago,3600.0,3600.0,3600.0,2.0,31.3,161.3,1
3378,2026-01-08,Palta,Vega Monumental Concepción,3600.0,3600.0,3600.0,2.0,31.3,161.3,1
3379,2026-01-08,Palta,Feria Lagunitas de Puerto Montt,4800.0,4800.0,4800.0,2.0,31.3,161.3,1
3380,2026-01-08,Palta,Vega Central Mapocho de Santiago,1800.0,1800.0,1800.0,2.0,31.3,161.3,1
3381,2026-01-08,Palta,Vega Central Mapocho de Santiago,3300.0,3300.0,3300.0,2.0,31.3,161.3,1
3382,2026-01-08,Palta,Mercado Mayorista Lo Valledor de Santiago,3300.0,3300.0,3300.0,2.0,31.3,161.3,1
3383,2026-01-08,Palta,Vega Monumental Concepción,3300.0,3300.0,3300.0,2.0,31.3,161.3,1
3384,2026-01-08,Palta,Vega Central Mapocho de Santiago,2900.0,2900.0,2900.0,2.0,31.3,161.3,1
3385,2026-01-08,Palta,Mercado Mayorista Lo Valledor de Santiago,2900.0,2900.0,2900.0,2.0,31.3,161.3,1
3386,2026-01-08,Palta,Vega Monumental Concepción,3000.0,3000.0,3000.0,2.0,31.3,161.3,1
3387,2026-01-08,Palta,Vega Central Mapocho de Santiago,2400.0,2400.0,2400.0,2.0,31.3,161.3,1
3388,2026-01-08,Palta,Mercado Mayorista Lo Valledor de Santiago,2400.0,2400.0,2400.0,2.0,31.3,161.3,1
3389,2026-01-08,Palta,Macroferia Regional de Talca,37000.0,37000.0,37000.0,2.0,31.3,161.3,1
3390,2026-01-08,Palta,Terminal Hortofrutícola Agro Chillán,35000.0,36000.0,35500.0,2.0,31.3,161.3,1
3391,2026-01-08,Palta,Macroferia Regional de Talca,35000.0,35000.0,35000.0,2.0,31.3,161.3,1
3392,2026-01-08,Palta,Terminal Hortofrutícola Agro Chillán,32000.0,33000.0,32500.0,2.0,31.3,161.3,1
3393,2026-01-08,Palta,Macroferia Regional de Talca,32000.0,32000.0,32000.0,2.0,31.3,161.3,1
3394,2026-01-08,Palta,Terminal Hortofrutícola Agro Chillán,29000.0,30000.0,29500.0,2.0,31.3,161.3,1
3395,2026-01-08,Palta,Vega Modelo de Temuco,4000.0,4000.0,4000.0,2.0,31.3,161.3,1
3396,2026-01-08,Palta,Vega Modelo de Temuco,3700.0,3800.0,3746.8085,2.0,31.3,161.3,1
3397,2026-01-08,Palta,Vega Modelo de Temuco,3000.0,3000.0,3000.0,2.0,31.3,161.3,1
3398,2026-01-08,Palta,Vega Modelo de Temuco,2500.0,2500.0,2500.0,2.0,31.3,161.3,1
3399,2026-01-08,Palta,Vega Modelo de Temuco,2000.0,2200.0,2090.909,2.0,31.3,161.3,1
3400,2026-01-08,Palta,Mercado Mayorista Lo Valledor de Santiago,2800.0,2800.0,2800.0,2.0,31.3,161.3,1
3401,2026-01-08,Palta,Mercado Mayorista Lo Valledor de Santiago,3800.0,3800.0,3800.0,2.0,31.3,161.3,1
3402,2026-01-08,Palta,Mercado Mayorista Lo Valledor de Santiago,2500.0,2500.0,2500.0,2.0,31.3,161.3,1
3403,2026-01-08,Palta,Mercado Mayorista Lo Valledor de Santiago,3500.0,3500.0,3500.0,2.0,31.3,161.3,1
3404,2026-01-08,Palta,Mercado Mayorista Lo Valledor de Santiago,2200.0,2200.0,2200.0,2.0,31.3,161.3,1
3405,2026-01-08,Palta,Mercado Mayorista Lo Valledor de Santiago,3200.0,3200.0,3200.0,2.0,31.3,161.3,1
3406,2026-01-08,Palta,Mercado Mayorista Lo Valledor de Santiago,2000.0,2000.0,2000.0,2.0,31.3,161.3,1
3407,2026-01-08,Palta,Mercado Mayorista Lo Valledor de Santiago,2800.0,2800.0,2800.0,2.0,31.3,161.3,1
3408,2026-01-08,Palta,Mercado Mayorista Lo Valledor de Santiago,1500.0,1500.0,1500.0,2.0,31.3,161.3,1
3409,2026-01-08,Palta,Mercado Mayorista Lo Valledor de Santiago,2500.0,2500.0,2500.0,2.0,31.3,161.3,1
4203,2026-01-09,Palta,Macroferia Regional de Talca,3700.0,3700.0,3700.0,2.0,31.3,161.3,1
4204,2026-01-09,Palta,Macroferia Regional de Talca,3500.0,3500.0,3500.0,2.0,31.3,161.3,1
4205,2026-01-09,Palta,Macroferia Regional de Talca,3300.0,3300.0,3300.0,2.0,31.3,161.3,1
4206,2026-01-09,Palta,Mercado Mayorista Lo Valledor de Santiago,4000.0,4000.0,4000.0,2.0,31.3,161.3,1
4207,2026-01-09,Palta,Mercado Mayorista Lo Valledor de Santiago,3700.0,3700.0,3700.0,2.0,31.3,161.3,1
4208,2026-01-09,Palta,Terminal La Palmera de La Serena,3400.0,3500.0,3450.0,2.0,31.3,161.3,1
4209,2026-01-09,Palta,Mercado Mayorista Lo Valledor de Santiago,3400.0,3400.0,3400.0,2.0,31.3,161.3,1
4210,2026-01-09,Palta,Terminal La Palmera de La Serena,3000.0,3100.0,3050.0,2.0,31.3,161.3,1
4211,2026-01-09,Palta,Mercado Mayorista Lo Valledor de Santiago,3000.0,3000.0,3000.0,2.0,31.3,161.3,1
4212,2026-01-09,Palta,Terminal La Palmera de La Serena,2600.0,2700.0,2650.0,2.0,31.3,161.3,1
4213,2026-01-09,Palta,Mercado Mayorista Lo Valledor de Santiago,2700.0,2700.0,2700.0,2.0,31.3,161.3,1
4214,2026-01-09,Palta,Terminal La Palmera de La Serena,2200.0,2300.0,2250.0,2.0,31.3,161.3,1
4215,2026-01-09,Palta,Femacal de La Calera,3400.0,3500.0,3447.3684,2.0,31.3,161.3,1
4216,2026-01-09,Palta,Femacal de La Calera,3100.0,3200.0,3152.9411,2.0,31.3,161.3,1
4217,2026-01-09,Palta,Femacal de La Calera,2500.0,2500.0,2500.0,2.0,31.3,161.3,1
4218,2026-01-09,Palta,Mercado Mayorista Lo Valledor de Santiago,4000.0,4000.0,4000.0,2.0,31.3,161.3,1
4219,2026-01-09,Palta,Vega Central Mapocho de Santiago,3600.0,3600.0,3600.0,2.0,31.3,161.3,1
4220,2026-01-09,Palta,Mercado Mayorista Lo Valledor de Santiago,3700.0,3700.0,3700.0,2.0,31.3,161.3,1
4221,2026-01-09,Palta,Terminal Hortofrutícola Agro Chillán,3000.0,3000.0,3000.0,2.0,31.3,161.3,1
4222,2026-01-09,Palta,Vega Monumental Concepción,3700.0,3700.0,3700.0,2.0,31.3,161.3,1
4223,2026-01-09,Palta,Feria Lagunitas de Puerto Montt,4800.0,4800.0,4800.0,2.0,31.3,161.3,1
4224,2026-01-09,Palta,Vega Central Mapocho de Santiago,3300.0,3300.0,3300.0,2.0,31.3,161.3,1
4225,2026-01-09,Palta,Mercado Mayorista Lo Valledor de Santiago,3400.0,3400.0,3400.0,2.0,31.3,161.3,1
4226,2026-01-09,Palta,Terminal Hortofrutícola Agro Chillán,2700.0,2700.0,2700.0,2.0,31.3,161.3,1
4227,2026-01-09,Palta,Vega Monumental Concepción,3300.0,3300.0,3300.0,2.0,31.3,161.3,1
4228,2026-01-09,Palta,Feria Lagunitas de Puerto Montt,4500.0,4500.0,4500.0,2.0,31.3,161.3,1
4229,2026-01-09,Palta,Vega Central Mapocho de Santiago,2900.0,2900.0,2900.0,2.0,31.3,161.3,1
4230,2026-01-09,Palta,Mercado Mayorista Lo Valledor de Santiago,3000.0,3000.0,3000.0,2.0,31.3,161.3,1
4231,2026-01-09,Palta,Terminal Hortofrutícola Agro Chillán,2500.0,2500.0,2500.0,2.0,31.3,161.3,1
4232,2026-01-09,Palta,Vega Monumental Concepción,3000.0,3000.0,3000.0,2.0,31.3,161.3,1
4233,2026-01-09,Palta,Vega Central Mapocho de Santiago,2400.0,2400.0,2400.0,2.0,31.3,161.3,1
4234,2026-01-09,Palta,Mercado Mayorista Lo Valledor de Santiago,2700.0,2700.0,2700.0,2.0,31.3,161.3,1
4235,2026-01-09,Palta,Vega Modelo de Temuco,3700.0,3800.0,3735.7142,2.0,31.3,161.3,1
4236,2026-01-09,Palta,Vega Modelo de Temuco,3000.0,3000.0,3000.0,2.0,31.3,161.3,1
4237,2026-01-09,Palta,Vega Modelo de Temuco,2500.0,2500.0,2500.0,2.0,31.3,161.3,1
4238,2026-01-09,Palta,Vega Modelo de Temuco,2200.0,2200.0,2200.0,2.0,31.3,161.3,1
4239,2026-01-09,Palta,Mercado Mayorista Lo Valledor de Santiago,2800.0,2800.0,2800.0,2.0,31.3,161.3,1
4240,2026-01-09,Palta,Mercado Mayorista Lo Valledor de Santiago,3800.0,3800.0,3800.0,2.0,31.3,161.3,1
4241,2026-01-09,Palta,Mercado Mayorista Lo Valledor de Santiago,2500.0,2500.0,2500.0,2.0,31.3,161.3,1
4242,2026-01-09,Palta,Mercado Mayorista Lo Valledor de Santiago,3500.0,3500.0,3500.0,2.0,31.3,161.3,1
4243,2026-01-09,Palta,Mercado Mayorista Lo Valledor de Santiago,2200.0,2200.0,2200.0,2.0,31.3,161.3,1
4244,2026-01-09,Palta,Mercado Mayorista Lo Valledor de Santiago,3200.0,3200.0,3200.0,2.0,31.3,161.3,1
4245,2026-01-09,Palta,Mercado Mayorista Lo Valledor de Santiago,2000.0,2000.0,2000.0,2.0,31.3,161.3,1
4246,2026-01-09,Palta,Mercado Mayorista Lo Valledor de Santiago,2800.0,2800.0,2800.0,2.0,31.3,161.3,1
4247,2026-01-09,Palta,Mercado Mayorista Lo Valledor de Santiago,1800.0,1800.0,1800.0,2.0,31.3,161.3,1
4248,2026-01-09,Palta,Mercado Mayorista Lo Valledor de Santiago,2500.0,2500.0,2500.0,2.0,31.3,161.3,1
4975,2026-01-12,Palta,Mercado Mayorista Lo Valledor de Santiago,4000.0,4000.0,4000.0,2.0,31.3,161.3,1
4976,2026-01-12,Palta,Mercado Mayorista Lo Valledor de Santiago,3700.0,3700.0,3700.0,2.0,31.3,161.3,1
4977,2026-01-12,Palta,Terminal La Palmera de La Serena,3500.0,3600.0,3550.0,2.0,31.3,161.3,1
4978,2026-01-12,Palta,Mercado Mayorista Lo Valledor de Santiago,3400.0,3400.0,3400.0,2.0,31.3,161.3,1
4979,2026-01-12,Palta,Terminal La Palmera de La Serena,3100.0,3200.0,3150.0,2.0,31.3,161.3,1
4980,2026-01-12,Palta,Mercado Mayorista Lo Valledor de Santiago,3200.0,3200.0,3200.0,2.0,31.3,161.3,1
4981,2026-01-12,Palta,Terminal La Palmera de La Serena,2700.0,2800.0,2750.0,2.0,31.3,161.3,1
4982,2026-01-12,Palta,Mercado Mayorista Lo Valledor de Santiago,2800.0,2800.0,2800.0,2.0,31.3,161.3,1
4983,2026-01-12,Palta,Terminal La Palmera de La Serena,2300.0,2400.0,2350.0,2.0,31.3,161.3,1
4984,2026-01-12,Palta,Femacal de La Calera,3300.0,3300.0,3300.0,2.0,31.3,161.3,1
4985,2026-01-12,Palta,Femacal de La Calera,3000.0,3000.0,3000.0,2.0,31.3,161.3,1
4986,2026-01-12,Palta,Femacal de La Calera,2600.0,2600.0,2600.0,2.0,31.3,161.3,1
4987,2026-01-12,Palta,Mercado Mayorista Lo Valledor de Santiago,4000.0,4000.0,4000.0,2.0,31.3,161.3,1
4988,2026-01-12,Palta,Vega Central Mapocho de Santiago,2600.0,2600.0,2600.0,2.0,31.3,161.3,1
4989,2026-01-12,Palta,Vega Central Mapocho de Santiago,3700.0,3700.0,3700.0,2.0,31.3,161.3,1
4990,2026-01-12,Palta,Mercado Mayorista Lo Valledor de Santiago,3700.0,3700.0,3700.0,2.0,31.3,161.3,1
4991,2026-01-12,Palta,Terminal Hortofrutícola Agro Chillán,3000.0,3000.0,3000.0,2.0,31.3,161.3,1
4992,2026-01-12,Palta,Feria Lagunitas de Puerto Montt,4800.0,4800.0,4800.0,2.0,31.3,161.3,1
4993,2026-01-12,Palta,Vega Central Mapocho de Santiago,2200.0,2200.0,2200.0,2.0,31.3,161.3,1
4994,2026-01-12,Palta,Vega Central Mapocho de Santiago,3300.0,3300.0,3300.0,2.0,31.3,161.3,1
4995,2026-01-12,Palta,Mercado Mayorista Lo Valledor de Santiago,3400.0,3400.0,3400.0,2.0,31.3,161.3,1
4996,2026-01-12,Palta,Terminal Hortofrutícola Agro Chillán,2800.0,2800.0,2800.0,2.0,31.3,161.3,1
4997,2026-01-12,Palta,Vega Central Mapocho de Santiago,2900.0,2900.0,2900.0,2.0,31.3,161.3,1
4998,2026-01-12,Palta,Mercado Mayorista Lo Valledor de Santiago,3000.0,3000.0,3000.0,2.0,31.3,161.3,1
4999,2026-01-12,Palta,Vega Central Mapocho de Santiago,2300.0,2300.0,2300.0,2.0,31.3,161.3,1
5000,2026-01-12,Palta,Mercado Mayorista Lo Valledor de Santiago,2700.0,2700.0,2700.0,2.0,31.3,161.3,1
5001,2026-01-12,Palta,Macroferia Regional de Talca,37000.0,37000.0,37000.0,2.0,31.3,161.3,1
5002,2026-01-12,Palta,Macroferia Regional de Talca,35000.0,35000.0,35000.0,2.0,31.3,161.3,1
5003,2026-01-12,Palta,Macroferia Regional de Talca,33000.0,33000.0,33000.0,2.0,31.3,161.3,1
5004,2026-01-12,Palta,Vega Modelo de Temuco,4000.0,4000.0,4000.0,2.0,31.3,161.3,1
5005,2026-01-12,Palta,Vega Modelo de Temuco,3700.0,3800.0,3750.0,2.0,31.3,161.3,1
5006,2026-01-12,Palta,Vega Modelo de Temuco,3000.0,3500.0,3265.8227,2.0,31.3,161.3,1
5007,2026-01-12,Palta,Vega Modelo de Temuco,2500.0,2800.0,2633.9285,2.0,31.3,161.3,1
5008,2026-01-12,Palta,Vega Modelo de Temuco,2000.0,2200.0,2100.0,2.0,31.3,161.3,1
5009,2026-01-12,Palta,Mercado Mayorista Lo Valledor de Santiago,3800.0,3800.0,3800.0,2.0,31.3,161.3,1
5010,2026-01-12,Palta,Mercado Mayorista Lo Valledor de Santiago,3500.0,3500.0,3500.0,2.0,31.3,161.3,1
5011,2026-01-12,Palta,Mercado Mayorista Lo Valledor de Santiago,3300.0,3300.0,3300.0,2.0,31.3,161.3,1
5012,2026-01-12,Palta,Mercado Mayorista Lo Valledor de Santiago,3000.0,3000.0,3000.0,2.0,31.3,161.3,1
5013,2026-01-12,Palta,Mercado Mayorista Lo Valledor de Santiago,2600.0,2600.0,2600.0,2.0,31.3,161.3,1
5014,2026-01-12,Palta,Mercado Mayorista Lo Valledor de Santiago,2800.0,2800.0,2800.0,2.0,31.3,161.3,1
5015,2026-01-12,Palta,Mercado Mayorista Lo Valledor de Santiago,2500.0,2500.0,2500.0,2.0,31.3,161.3,1
5016,2026-01-12,Palta,Mercado Mayorista Lo Valledor de Santiago,2200.0,2200.0,2200.0,2.0,31.3,161.3,1
5017,2026-01-12,Palta,Mercado Mayorista Lo Valledor de Santiago,2000.0,2000.0,2000.0,2.0,31.3,161.3,1
5018,2026-01-12,Palta,Mercado Mayorista Lo Valledor de Santiago,1700.0,1700.0,1700.0,2.0,31.3,161.3,1
5767,2026-01-13,Palta,Vega Monumental Concepción,3600.0,3600.0,3600.0,2.0,31.3,161.3,1
5768,2026-01-13,Palta,Vega Monumental Concepción,3400.0,3400.0,3400.0,2.0,31.3,161.3,1
5769,2026-01-13,Palta,Vega Monumental Concepción,3100.0,3100.0,3100.0,2.0,31.3,161.3,1
5770,2026-01-13,Palta,Mercado Mayorista Lo Valledor de Santiago,4000.0,4000.0,4000.0,2.0,31.3,161.3,1
5771,2026-01-13,Palta,Mercado Mayorista Lo Valledor de Santiago,3700.0,3700.0,3700.0,2.0,31.3,161.3,1
5772,2026-01-13,Palta,Terminal La Palmera de La Serena,3500.0,3600.0,3550.0,2.0,31.3,161.3,1
5773,2026-01-13,Palta,Comercializadora del Agro de Limarí,3400.0,3500.0,3450.0,2.0,31.3,161.3,1
5774,2026-01-13,Palta,Mercado Mayorista Lo Valledor de Santiago,3300.0,3300.0,3300.0,2.0,31.3,161.3,1
5775,2026-01-13,Palta,Terminal La Palmera de La Serena,3100.0,3200.0,3150.0,2.0,31.3,161.3,1
5776,2026-01-13,Palta,Comercializadora del Agro de Limarí,3000.0,3100.0,3050.0,2.0,31.3,161.3,1
5777,2026-01-13,Palta,Mercado Mayorista Lo Valledor de Santiago,3000.0,3000.0,3000.0,2.0,31.3,161.3,1
5778,2026-01-13,Palta,Terminal La Palmera de La Serena,2800.0,2900.0,2850.0,2.0,31.3,161.3,1
5779,2026-01-13,Palta,Comercializadora del Agro de Limarí,2600.0,2700.0,2650.0,2.0,31.3,161.3,1
5780,2026-01-13,Palta,Mercado Mayorista Lo Valledor de Santiago,2700.0,2700.0,2700.0,2.0,31.3,161.3,1
5781,2026-01-13,Palta,Terminal La Palmera de La Serena,2400.0,2500.0,2450.0,2.0,31.3,161.3,1
5782,2026-01-13,Palta,Comercializadora del Agro de Limarí,2200.0,2300.0,2250.0,2.0,31.3,161.3,1
5783,2026-01-13,Palta,Femacal de La Calera,3300.0,3400.0,3350.0,2.0,31.3,161.3,1
5784,2026-01-13,Palta,Femacal de La Calera,2900.0,3000.0,2958.1395,2.0,31.3,161.3,1
5785,2026-01-13,Palta,Mercado Mayorista Lo Valledor de Santiago,4000.0,4000.0,4000.0,2.0,31.3,161.3,1
5786,2026-01-13,Palta,Macroferia Regional de Talca,2800.0,2800.0,2800.0,2.0,31.3,161.3,1
5787,2026-01-13,Palta,Vega Central Mapocho de Santiago,3700.0,3700.0,3700.0,2.0,31.3,161.3,1
5788,2026-01-13,Palta,Mercado Mayorista Lo Valledor de Santiago,3700.0,3700.0,3700.0,2.0,31.3,161.3,1
5789,2026-01-13,Palta,Feria Lagunitas de Puerto Montt,4800.0,4800.0,4800.0,2.0,31.3,161.3,1
5790,2026-01-13,Palta,Macroferia Regional de Talca,2500.0,2500.0,2500.0,2.0,31.3,161.3,1
5791,2026-01-13,Palta,Vega Central Mapocho de Santiago,3300.0,3300.0,3300.0,2.0,31.3,161.3,1
5792,2026-01-13,Palta,Mercado Mayorista Lo Valledor de Santiago,3500.0,3500.0,3500.0,2.0,31.3,161.3,1
5793,2026-01-13,Palta,Feria Lagunitas de Puerto Montt,4500.0,4500.0,4500.0,2.0,31.3,161.3,1
5794,2026-01-13,Palta,Vega Central Mapocho de Santiago,2900.0,2900.0,2900.0,2.0,31.3,161.3,1
5795,2026-01-13,Palta,Mercado Mayorista Lo Valledor de Santiago,3100.0,3300.0,3196.1538,2.0,31.3,161.3,1
5796,2026-01-13,Palta,Vega Central Mapocho de Santiago,2600.0,2600.0,2600.0,2.0,31.3,161.3,1
5797,2026-01-13,Palta,Macroferia Regional de Talca,35000.0,35000.0,35000.0,2.0,31.3,161.3,1
5798,2026-01-13,Palta,Macroferia Regional de Talca,32000.0,32000.0,32000.0,2.0,31.3,161.3,1
5799,2026-01-13,Palta,Macroferia Regional de Talca,30000.0,30000.0,30000.0,2.0,31.3,161.3,1
5800,2026-01-13,Palta,Macroferia Regional de Talca,27000.0,27000.0,27000.0,2.0,31.3,161.3,1
5801,2026-01-13,Palta,Vega Modelo de Temuco,3600.0,3600.0,3600.0,2.0,31.3,161.3,1
5802,2026-01-13,Palta,Vega Modelo de Temuco,3500.0,3500.0,3500.0,2.0,31.3,161.3,1
5803,2026-01-13,Palta,Vega Modelo de Temuco,2900.0,2900.0,2900.0,2.0,31.3,161.3,1
5804,2026-01-13,Palta,Vega Modelo de Temuco,2500.0,2500.0,2500.0,2.0,31.3,161.3,1
5805,2026-01-13,Palta,Vega Modelo de Temuco,2200.0,2200.0,2200.0,2.0,31.3,161.3,1
5806,2026-01-13,Palta,Mercado Mayorista Lo Valledor de Santiago,3800.0,3800.0,3800.0,2.0,31.3,161.3,1
5807,2026-01-13,Palta,Mercado Mayorista Lo Valledor de Santiago,3800.0,3800.0,3800.0,2.0,31.3,161.3,1
5808,2026-01-13,Palta,Mercado Mayorista Lo Valledor de Santiago,3500.0,3500.0,3500.0,2.0,31.3,161.3,1
5809,2026-01-13,Palta,Mercado Mayorista Lo Valledor de Santiago,3500.0,3500.0,3500.0,2.0,31.3,161.3,1
5810,2026-01-13,Palta,Mercado Mayorista Lo Valledor de Santiago,3200.0,3200.0,3200.0,2.0,31.3,161.3,1
5811,2026-01-13,Palta,Mercado Mayorista Lo Valledor de Santiago,3200.0,3200.0,3200.0,2.0,31.3,161.3,1
5812,2026-01-13,Palta,Mercado Mayorista Lo Valledor de Santiago,3000.0,3000.0,3000.0,2.0,31.3,161.3,1
5813,2026-01-13,Palta,Mercado Mayorista Lo Valledor de Santiago,2800.0,2800.0,2800.0,2.0,31.3,161.3,1
5814,2026-01-13,Palta,Mercado Mayorista Lo Valledor de Santiago,2700.0,2700.0,2700.0,2.0,31.3,161.3,1
5815,2026-01-13,Palta,Mercado Mayorista Lo Valledor de Santiago,2500.0,2500.0,2500.0,2.0,31.3,161.3,1
5816,2026-01-13,Palta,Mercado Mayorista Lo Valledor de Santiago,2800.0,2800.0,2800.0,2.0,31.3,161.3,1
6590,2026-01-14,Palta,Agrícola del Norte S.A. de Arica,33000.0,35000.0,33800.0,2.0,31.3,161.3,1
6591,2026-01-14,Palta,Agrícola del Norte S.A. de Arica,28000.0,33000.0,30500.0,2.0,31.3,161.3,1
6592,2026-01-14,Palta,Mercado Mayorista Lo Valledor de Santiago,4000.0,4000.0,4000.0,2.0,31.3,161.3,1
6593,2026-01-14,Palta,Mercado Mayorista Lo Valledor de Santiago,3700.0,3700.0,3700.0,2.0,31.3,161.3,1
6594,2026-01-14,Palta,Comercializadora del Agro de Limarí,3400.0,3500.0,3450.0,2.0,31.3,161.3,1
6595,2026-01-14,Palta,Mercado Mayorista Lo Valledor de Santiago,3300.0,3300.0,3300.0,2.0,31.3,161.3,1
6596,2026-01-14,Palta,Comercializadora del Agro de Limarí,3000.0,3100.0,3050.0,2.0,31.3,161.3,1
6597,2026-01-14,Palta,Mercado Mayorista Lo Valledor de Santiago,3000.0,3000.0,3000.0,2.0,31.3,161.3,1
6598,2026-01-14,Palta,Comercializadora del Agro de Limarí,2600.0,2700.0,2650.0,2.0,31.3,161.3,1
6599,2026-01-14,Palta,Mercado Mayorista Lo Valledor de Santiago,2700.0,2700.0,2700.0,2.0,31.3,161.3,1
6600,2026-01-14,Palta,Comercializadora del Agro de Limarí,2200.0,2300.0,2250.0,2.0,31.3,161.3,1
6601,2026-01-14,Palta,Femacal de La Calera,3300.0,3400.0,3352.6315,2.0,31.3,161.3,1
6602,2026-01-14,Palta,Femacal de La Calera,2900.0,3000.0,2961.5384,2.0,31.3,161.3,1
6603,2026-01-14,Palta,Femacal de La Calera,2500.0,2600.0,2554.5454,2.0,31.3,161.3,1
6604,2026-01-14,Palta,Mercado Mayorista Lo Valledor de Santiago,4000.0,4000.0,4000.0,2.0,31.3,161.3,1
6605,2026-01-14,Palta,Vega Central Mapocho de Santiago,3500.0,3500.0,3500.0,2.0,31.3,161.3,1
6606,2026-01-14,Palta,Vega Central Mapocho de Santiago,3700.0,3700.0,3700.0,2.0,31.3,161.3,1
6607,2026-01-14,Palta,Mercado Mayorista Lo Valledor de Santiago,3700.0,3700.0,3700.0,2.0,31.3,161.3,1
6608,2026-01-14,Palta,Macroferia Regional de Talca,3500.0,3500.0,3500.0,2.0,31.3,161.3,1
6609,2026-01-14,Palta,Vega Central Mapocho de Santiago,3300.0,3300.0,3300.0,2.0,31.3,161.3,1
6610,2026-01-14,Palta,Vega Central Mapocho de Santiago,3500.0,3500.0,3500.0,2.0,31.3,161.3,1
6611,2026-01-14,Palta,Mercado Mayorista Lo Valledor de Santiago,3500.0,3500.0,3500.0,2.0,31.3,161.3,1
6612,2026-01-14,Palta,Macroferia Regional de Talca,3300.0,3300.0,3300.0,2.0,31.3,161.3,1
6613,2026-01-14,Palta,Terminal Hortofrutícola Agro Chillán,3500.0,3500.0,3500.0,2.0,31.3,161.3,1
6614,2026-01-14,Palta,Vega Central Mapocho de Santiago,2900.0,2900.0,2900.0,2.0,31.3,161.3,1
6615,2026-01-14,Palta,Vega Central Mapocho de Santiago,3000.0,3000.0,3000.0,2.0,31.3,161.3,1
6616,2026-01-14,Palta,Mercado Mayorista Lo Valledor de Santiago,3200.0,3200.0,3200.0,2.0,31.3,161.3,1
6617,2026-01-14,Palta,Macroferia Regional de Talca,3000.0,3000.0,3000.0,2.0,31.3,161.3,1
6618,2026-01-14,Palta,Mercado Mayorista Lo Valledor de Santiago,2800.0,2800.0,2800.0,2.0,31.3,161.3,1
6619,2026-01-14,Palta,Terminal Hortofrutícola Agro Chillán,37000.0,37000.0,37000.0,2.0,31.3,161.3,1
6620,2026-01-14,Palta,Terminal Hortofrutícola Agro Chillán,33000.0,33000.0,33000.0,2.0,31.3,161.3,1
6621,2026-01-14,Palta,Vega Modelo de Temuco,3600.0,3600.0,3600.0,2.0,31.3,161.3,1
6622,2026-01-14,Palta,Vega Modelo de Temuco,3500.0,3500.0,3500.0,2.0,31.3,161.3,1
6623,2026-01-14,Palta,Vega Modelo de Temuco,2900.0,2900.0,2900.0,2.0,31.3,161.3,1
6624,2026-01-14,Palta,Vega Modelo de Temuco,2500.0,2500.0,2500.0,2.0,31.3,161.3,1
6625,2026-01-14,Palta,Vega Modelo de Temuco,2200.0,2200.0,2200.0,2.0,31.3,161.3,1
6626,2026-01-14,Palta,Mercado Mayorista Lo Valledor de Santiago,2800.0,2800.0,2800.0,2.0,31.3,161.3,1
6627,2026-01-14,Palta,Mercado Mayorista Lo Valledor de Santiago,3800.0,3800.0,3800.0,2.0,31.3,161.3,1
6628,2026-01-14,Palta,Mercado Mayorista Lo Valledor de Santiago,2500.0,2500.0,2500.0,2.0,31.3,161.3,1
6629,2026-01-14,Palta,Mercado Mayorista Lo Valledor de Santiago,3500.0,3500.0,3500.0,2.0,31.3,161.3,1
6630,2026-01-14,Palta,Mercado Mayorista Lo Valledor de Santiago,2200.0,2200.0,2200.0,2.0,31.3,161.3,1
6631,2026-01-14,Palta,Mercado Mayorista Lo Valledor de Santiago,3200.0,3200.0,3200.0,2.0,31.3,161.3,1
6632,2026-01-14,Palta,Mercado Mayorista Lo Valledor de Santiago,2000.0,2000.0,2000.0,2.0,31.3,161.3,1
6633,2026-01-14,Palta,Mercado Mayorista Lo Valledor de Santiago,2800.0,2800.0,2800.0,2.0,31.3,161.3,1
6634,2026-01-14,Palta,Mercado Mayorista Lo Valledor de Santiago,1600.0,1600.0,1600.0,2.0,31.3,161.3,1
6635,2026-01-14,Palta,Mercado Mayorista Lo Valledor de Santiago,2500.0,2500.0,2500.0,2.0,31.3,161.3,1
7415,2026-01-15,Palta,Mercado Mayorista Lo Valledor de Santiago,4000.0,4000.0,4000.0,2.0,31.3,161.3,1
7416,2026-01-15,Palta,Mercado Mayorista Lo Valledor de Santiago,3700.0,3700.0,3700.0,2.0,31.3,161.3,1
7417,2026-01-15,Palta,Terminal La Palmera de La Serena,3500.0,3600.0,3550.0,2.0,31.3,161.3,1
7418,2026-01-15,Palta,Mercado Mayorista Lo Valledor de Santiago,3300.0,3300.0,3300.0,2.0,31.3,161.3,1
7419,2026-01-15,Palta,Terminal La Palmera de La Serena,3100.0,3200.0,3150.0,2.0,31.3,161.3,1
7420,2026-01-15,Palta,Mercado Mayorista Lo Valledor de Santiago,3000.0,3000.0,3000.0,2.0,31.3,161.3,1
7421,2026-01-15,Palta,Terminal La Palmera de La Serena,2700.0,2800.0,2750.0,2.0,31.3,161.3,1
7422,2026-01-15,Palta,Mercado Mayorista Lo Valledor de Santiago,2700.0,2700.0,2700.0,2.0,31.3,161.3,1
7423,2026-01-15,Palta,Terminal La Palmera de La Serena,2300.0,2400.0,2350.0,2.0,31.3,161.3,1
7424,2026-01-15,Palta,Femacal de La Calera,3400.0,3500.0,3441.6666,2.0,31.3,161.3,1
7425,2026-01-15,Palta,Femacal de La Calera,3000.0,3100.0,3044.4444,2.0,31.3,161.3,1
7426,2026-01-15,Palta,Femacal de La Calera,2500.0,2600.0,2551.5463,2.0,31.3,161.3,1
7427,2026-01-15,Palta,Mercado Mayorista Lo Valledor de Santiago,4000.0,4000.0,4000.0,2.0,31.3,161.3,1
7428,2026-01-15,Palta,Vega Central Mapocho de Santiago,3600.0,3600.0,3600.0,2.0,31.3,161.3,1
7429,2026-01-15,Palta,Mercado Mayorista Lo Valledor de Santiago,3800.0,3800.0,3800.0,2.0,31.3,161.3,1
7430,2026-01-15,Palta,Vega Monumental Concepción,3800.0,3800.0,3800.0,2.0,31.3,161.3,1
7431,2026-01-15,Palta,Feria Lagunitas de Puerto Montt,4800.0,4800.0,4800.0,2.0,31.3,161.3,1
7432,2026-01-15,Palta,Vega Central Mapocho de Santiago,3300.0,3300.0,3300.0,2.0,31.3,161.3,1
7433,2026-01-15,Palta,Mercado Mayorista Lo Valledor de Santiago,3300.0,3300.0,3300.0,2.0,31.3,161.3,1
7434,2026-01-15,Palta,Vega Monumental Concepción,3500.0,3500.0,3500.0,2.0,31.3,161.3,1
7435,2026-01-15,Palta,Feria Lagunitas de Puerto Montt,4500.0,4500.0,4500.0,2.0,31.3,161.3,1
7436,2026-01-15,Palta,Vega Central Mapocho de Santiago,2900.0,2900.0,2900.0,2.0,31.3,161.3,1
7437,2026-01-15,Palta,Mercado Mayorista Lo Valledor de Santiago,3000.0,3000.0,3000.0,2.0,31.3,161.3,1
7438,2026-01-15,Palta,Vega Monumental Concepción,3300.0,3300.0,3300.0,2.0,31.3,161.3,1
7439,2026-01-15,Palta,Vega Central Mapocho de Santiago,2500.0,2500.0,2500.0,2.0,31.3,161.3,1
7440,2026-01-15,Palta,Mercado Mayorista Lo Valledor de Santiago,2700.0,2700.0,2700.0,2.0,31.3,161.3,1
7441,2026-01-15,Palta,Macroferia Regional de Talca,35000.0,35000.0,35000.0,2.0,31.3,161.3,1
7442,2026-01-15,Palta,Macroferia Regional de Talca,33000.0,33000.0,33000.0,2.0,31.3,161.3,1
7443,2026-01-15,Palta,Macroferia Regional de Talca,30000.0,30000.0,30000.0,2.0,31.3,161.3,1
7444,2026-01-15,Palta,Vega Modelo de Temuco,3600.0,3800.0,3693.617,2.0,31.3,161.3,1
7445,2026-01-15,Palta,Vega Modelo de Temuco,3200.0,3500.0,3388.0597,2.0,31.3,161.3,1
7446,2026-01-15,Palta,Vega Modelo de Temuco,2500.0,2900.0,2704.878,2.0,31.3,161.3,1
7447,2026-01-15,Palta,Vega Modelo de Temuco,2500.0,2700.0,2591.1764,2.0,31.3,161.3,1
7448,2026-01-15,Palta,Vega Modelo de Temuco,1500.0,2000.0,1720.0,2.0,31.3,161.3,1
7449,2026-01-15,Palta,Mercado Mayorista Lo Valledor de Santiago,3800.0,3800.0,3800.0,2.0,31.3,161.3,1
7450,2026-01-15,Palta,Mercado Mayorista Lo Valledor de Santiago,3800.0,3800.0,3800.0,2.0,31.3,161.3,1
7451,2026-01-15,Palta,Mercado Mayorista Lo Valledor de Santiago,3500.0,3500.0,3500.0,2.0,31.3,161.3,1
7452,2026-01-15,Palta,Mercado Mayorista Lo Valledor de Santiago,3500.0,3500.0,3500.0,2.0,31.3,161.3,1
7453,2026-01-15,Palta,Mercado Mayorista Lo Valledor de Santiago,3200.0,3200.0,3200.0,2.0,31.3,161.3,1
7454,2026-01-15,Palta,Mercado Mayorista Lo Valledor de Santiago,3100.0,3100.0,3100.0,2.0,31.3,161.3,1
7455,2026-01-15,Palta,Mercado Mayorista Lo Valledor de Santiago,2800.0,2800.0,2800.0,2.0,31.3,161.3,1
7456,2026-01-15,Palta,Mercado Mayorista Lo Valledor de Santiago,2800.0,2800.0,2800.0,2.0,31.3,161.3,1
7457,2026-01-15,Palta,Mercado Mayorista Lo Valledor de Santiago,2500.0,2500.0,2500.0,2.0,31.3,161.3,1
7458,2026-01-15,Palta,Mercado Mayorista Lo Valledor de Santiago,2500.0,2500.0,2500.0,2.0,31.3,161.3,1
8278,2026-01-16,Palta,Mercado Mayorista Lo Valledor de Santiago,4000.0,4000.0,4000.0,2.0,31.3,161.3,1
8279,2026-01-16,Palta,Mercado Mayorista Lo Valledor de Santiago,3700.0,3700.0,3700.0,2.0,31.3,161.3,1
8280,2026-01-16,Palta,Terminal La Palmera de La Serena,3500.0,3600.0,3550.0,2.0,31.3,161.3,1
8281,2026-01-16,Palta,Mercado Mayorista Lo Valledor de Santiago,3300.0,3300.0,3300.0,2.0,31.3,161.3,1
8282,2026-01-16,Palta,Terminal La Palmera de La Serena,3100.0,3200.0,3150.0,2.0,31.3,161.3,1
8283,2026-01-16,Palta,Mercado Mayorista Lo Valledor de Santiago,3000.0,3000.0,3000.0,2.0,31.3,161.3,1
8284,2026-01-16,Palta,Terminal La Palmera de La Serena,2700.0,2800.0,2750.0,2.0,31.3,161.3,1
8285,2026-01-16,Palta,Mercado Mayorista Lo Valledor de Santiago,2700.0,2700.0,2700.0,2.0,31.3,161.3,1
8286,2026-01-16,Palta,Terminal La Palmera de La Serena,2300.0,2400.0,2350.0,2.0,31.3,161.3,1
8287,2026-01-16,Palta,Femacal de La Calera,3400.0,3500.0,3455.5555,2.0,31.3,161.3,1
8288,2026-01-16,Palta,Femacal de La Calera,3000.0,3200.0,3105.8823,2.0,31.3,161.3,1
8289,2026-01-16,Palta,Femacal de La Calera,2500.0,2600.0,2551.3513,2.0,31.3,161.3,1
8290,2026-01-16,Palta,Mercado Mayorista Lo Valledor de Santiago,4000.0,4000.0,4000.0,2.0,31.3,161.3,1
8291,2026-01-16,Palta,Vega Central Mapocho de Santiago,3600.0,3600.0,3600.0,2.0,31.3,161.3,1
8292,2026-01-16,Palta,Macroferia Regional de Talca,3000.0,3000.0,3000.0,2.0,31.3,161.3,1
8293,2026-01-16,Palta,Vega Central Mapocho de Santiago,3800.0,3800.0,3800.0,2.0,31.3,161.3,1
8294,2026-01-16,Palta,Mercado Mayorista Lo Valledor de Santiago,3700.0,3800.0,3767.5675,2.0,31.3,161.3,1
8295,2026-01-16,Palta,Terminal Hortofrutícola Agro Chillán,3800.0,3800.0,3800.0,2.0,31.3,161.3,1
8296,2026-01-16,Palta,Feria Lagunitas de Puerto Montt,5000.0,5000.0,5000.0,2.0,31.3,161.3,1
8297,2026-01-16,Palta,Vega Central Mapocho de Santiago,3200.0,3200.0,3200.0,2.0,31.3,161.3,1
8298,2026-01-16,Palta,Macroferia Regional de Talca,2800.0,2800.0,2800.0,2.0,31.3,161.3,1
8299,2026-01-16,Palta,Vega Central Mapocho de Santiago,3300.0,3300.0,3300.0,2.0,31.3,161.3,1
8300,2026-01-16,Palta,Mercado Mayorista Lo Valledor de Santiago,3300.0,3300.0,3300.0,2.0,31.3,161.3,1
8301,2026-01-16,Palta,Terminal Hortofrutícola Agro Chillán,3500.0,3500.0,3500.0,2.0,31.3,161.3,1
8302,2026-01-16,Palta,Feria Lagunitas de Puerto Montt,4500.0,4500.0,4500.0,2.0,31.3,161.3,1
8303,2026-01-16,Palta,Vega Central Mapocho de Santiago,2800.0,2800.0,2800.0,2.0,31.3,161.3,1
8304,2026-01-16,Palta,Vega Central Mapocho de Santiago,2900.0,2900.0,2900.0,2.0,31.3,161.3,1
8305,2026-01-16,Palta,Mercado Mayorista Lo Valledor de Santiago,3000.0,3000.0,3000.0,2.0,31.3,161.3,1
8306,2026-01-16,Palta,Vega Central Mapocho de Santiago,2600.0,2600.0,2600.0,2.0,31.3,161.3,1
8307,2026-01-16,Palta,Mercado Mayorista Lo Valledor de Santiago,2600.0,2600.0,2600.0,2.0,31.3,161.3,1
8308,2026-01-16,Palta,Macroferia Regional de Talca,35000.0,35000.0,35000.0,2.0,31.3,161.3,1
8309,2026-01-16,Palta,Macroferia Regional de Talca,33000.0,33000.0,33000.0,2.0,31.3,161.3,1
8310,2026-01-16,Palta,Macroferia Regional de Talca,30000.0,30000.0,30000.0,2.0,31.3,161.3,1
8311,2026-01-16,Palta,Vega Modelo de Temuco,3600.0,4000.0,3722.2222,2.0,31.3,161.3,1
8312,2026-01-16,Palta,Vega Modelo de Temuco,3200.0,3800.0,3504.1095,2.0,31.3,161.3,1
8313,2026-01-16,Palta,Vega Modelo de Temuco,2900.0,2900.0,2900.0,2.0,31.3,161.3,1
8314,2026-01-16,Palta,Vega Modelo de Temuco,2500.0,2500.0,2500.0,2.0,31.3,161.3,1
8315,2026-01-16,Palta,Vega Modelo de Temuco,2200.0,2200.0,2200.0,2.0,31.3,161.3,1
8316,2026-01-16,Palta,Mercado Mayorista Lo Valledor de Santiago,2800.0,2800.0,2800.0,2.0,31.3,161.3,1
8317,2026-01-16,Palta,Mercado Mayorista Lo Valledor de Santiago,3800.0,3800.0,3800.0,2.0,31.3,161.3,1
8318,2026-01-16,Palta,Mercado Mayorista Lo Valledor de Santiago,2500.0,2500.0,2500.0,2.0,31.3,161.3,1
8319,2026-01-16,Palta,Mercado Mayorista Lo Valledor de Santiago,3500.0,3500.0,3500.0,2.0,31.3,161.3,1
8320,2026-01-16,Palta,Mercado Mayorista Lo Valledor de Santiago,2200.0,2200.0,2200.0,2.0,31.3,161.3,1
8321,2026-01-16,Palta,Mercado Mayorista Lo Valledor de Santiago,3100.0,3100.0,3100.0,2.0,31.3,161.3,1
8322,2026-01-16,Palta,Mercado Mayorista Lo Valledor de Santiago,2000.0,2000.0,2000.0,2.0,31.3,161.3,1
8323,2026-01-16,Palta,Mercado Mayorista Lo Valledor de Santiago,2800.0,2800.0,2800.0,2.0,31.3,161.3,1
8324,2026-01-16,Palta,Mercado Mayorista Lo Valledor de Santiago,1700.0,1700.0,1700.0,2.0,31.3,161.3,1
8325,2026-01-16,Palta,Mercado Mayorista Lo Valledor de Santiago,2500.0,2500.0,2500.0,2.0,31.3,161.3,1
9017,2026-01-19,Palta,Mercado Mayorista Lo Valledor de Santiago,4000.0,4000.0,4000.0,2.0,31.3,161.3,1
9018,2026-01-19,Palta,Terminal La Palmera de La Serena,3500.0,3600.0,3550.0,2.0,31.3,161.3,1
9019,2026-01-19,Palta,Mercado Mayorista Lo Valledor de Santiago,3400.0,3400.0,3400.0,2.0,31.3,161.3,1
9020,2026-01-19,Palta,Terminal La Palmera de La Serena,3100.0,3200.0,3150.0,2.0,31.3,161.3,1
9021,2026-01-19,Palta,Mercado Mayorista Lo Valledor de Santiago,3100.0,3100.0,3100.0,2.0,31.3,161.3,1
9022,2026-01-19,Palta,Terminal La Palmera de La Serena,2700.0,2800.0,2750.0,2.0,31.3,161.3,1
9023,2026-01-19,Palta,Mercado Mayorista Lo Valledor de Santiago,2500.0,2500.0,2500.0,2.0,31.3,161.3,1
9024,2026-01-19,Palta,Terminal La Palmera de La Serena,2300.0,2400.0,2350.0,2.0,31.3,161.3,1
9025,2026-01-19,Palta,Mercado Mayorista Lo Valledor de Santiago,3800.0,3800.0,3800.0,2.0,31.3,161.3,1
9026,2026-01-19,Palta,Femacal de La Calera,3400.0,3400.0,3400.0,2.0,31.3,161.3,1
9027,2026-01-19,Palta,Femacal de La Calera,3000.0,3000.0,3000.0,2.0,31.3,161.3,1
9028,2026-01-19,Palta,Femacal de La Calera,2600.0,2600.0,2600.0,2.0,31.3,161.3,1
9029,2026-01-19,Palta,Vega Central Mapocho de Santiago,4000.0,4000.0,4000.0,2.0,31.3,161.3,1
9030,2026-01-19,Palta,Vega Central Mapocho de Santiago,3600.0,3600.0,3600.0,2.0,31.3,161.3,1
9031,2026-01-19,Palta,Vega Central Mapocho de Santiago,3800.0,3800.0,3800.0,2.0,31.3,161.3,1
9032,2026-01-19,Palta,Macroferia Regional de Talca,3600.0,3600.0,3600.0,2.0,31.3,161.3,1
9033,2026-01-19,Palta,Vega Central Mapocho de Santiago,3300.0,3300.0,3300.0,2.0,31.3,161.3,1
9034,2026-01-19,Palta,Vega Central Mapocho de Santiago,3400.0,3400.0,3400.0,2.0,31.3,161.3,1
9035,2026-01-19,Palta,Macroferia Regional de Talca,3300.0,3300.0,3300.0,2.0,31.3,161.3,1
9036,2026-01-19,Palta,Vega Central Mapocho de Santiago,3000.0,3000.0,3000.0,2.0,31.3,161.3,1
9037,2026-01-19,Palta,Macroferia Regional de Talca,3000.0,3000.0,3000.0,2.0,31.3,161.3,1
9038,2026-01-19,Palta,Vega Central Mapocho de Santiago,2600.0,2600.0,2600.0,2.0,31.3,161.3,1
9039,2026-01-19,Palta,Vega Modelo de Temuco,4000.0,4000.0,4000.0,2.0,31.3,161.3,1
9040,2026-01-19,Palta,Vega Modelo de Temuco,3500.0,3600.0,3552.1739,2.0,31.3,161.3,1
9041,2026-01-19,Palta,Vega Modelo de Temuco,2900.0,3000.0,2952.9411,2.0,31.3,161.3,1
9042,2026-01-19,Palta,Vega Modelo de Temuco,2000.0,2200.0,2111.1111,2.0,31.3,161.3,1
9043,2026-01-19,Palta,Vega Modelo de Temuco,2200.0,2200.0,2200.0,2.0,31.3,161.3,1
9044,2026-01-19,Palta,Mercado Mayorista Lo Valledor de Santiago,2800.0,2800.0,2800.0,2.0,31.3,161.3,1
9045,2026-01-19,Palta,Mercado Mayorista Lo Valledor de Santiago,3800.0,3800.0,3800.0,2.0,31.3,161.3,1
9046,2026-01-19,Palta,Mercado Mayorista Lo Valledor de Santiago,2500.0,2500.0,2500.0,2.0,31.3,161.3,1
9047,2026-01-19,Palta,Mercado Mayorista Lo Valledor de Santiago,3700.0,3700.0,3700.0,2.0,31.3,161.3,1
9048,2026-01-19,Palta,Mercado Mayorista Lo Valledor de Santiago,2200.0,2200.0,2200.0,2.0,31.3,161.3,1
9049,2026-01-19,Palta,Mercado Mayorista Lo Valledor de Santiago,3300.0,3300.0,3300.0,2.0,31.3,161.3,1
9050,2026-01-19,Palta,Mercado Mayorista Lo Valledor de Santiago,2000.0,2000.0,2000.0,2.0,31.3,161.3,1
9051,2026-01-19,Palta,Mercado Mayorista Lo Valledor de Santiago,2800.0,2800.0,2800.0,2.0,31.3,161.3,1
9052,2026-01-19,Palta,Mercado Mayorista Lo Valledor de Santiago,1700.0,1700.0,1700.0,2.0,31.3,161.3,1
9053,2026-01-19,Palta,Mercado Mayorista Lo Valledor de Santiago,2400.0,2400.0,2400.0,2.0,31.3,161.3,1
9800,2026-01-20,Palta,Mercado Mayorista Lo Valledor de Santiago,4000.0,4000.0,4000.0,2.0,31.3,161.3,1
9801,2026-01-20,Palta,Mercado Mayorista Lo Valledor de Santiago,3700.0,3700.0,3700.0,2.0,31.3,161.3,1
9802,2026-01-20,Palta,Terminal La Palmera de La Serena,3500.0,3600.0,3550.0,2.0,31.3,161.3,1
9803,2026-01-20,Palta,Comercializadora del Agro de Limarí,3300.0,3400.0,3350.0,2.0,31.3,161.3,1
9804,2026-01-20,Palta,Mercado Mayorista Lo Valledor de Santiago,3400.0,3400.0,3400.0,2.0,31.3,161.3,1
9805,2026-01-20,Palta,Terminal La Palmera de La Serena,3100.0,3200.0,3150.0,2.0,31.3,161.3,1
9806,2026-01-20,Palta,Comercializadora del Agro de Limarí,2900.0,3000.0,2950.0,2.0,31.3,161.3,1
9807,2026-01-20,Palta,Mercado Mayorista Lo Valledor de Santiago,3000.0,3000.0,3000.0,2.0,31.3,161.3,1
9808,2026-01-20,Palta,Terminal La Palmera de La Serena,2700.0,2800.0,2750.0,2.0,31.3,161.3,1
9809,2026-01-20,Palta,Comercializadora del Agro de Limarí,2500.0,2600.0,2550.0,2.0,31.3,161.3,1
9810,2026-01-20,Palta,Mercado Mayorista Lo Valledor de Santiago,2700.0,2700.0,2700.0,2.0,31.3,161.3,1
9811,2026-01-20,Palta,Terminal La Palmera de La Serena,2300.0,2400.0,2350.0,2.0,31.3,161.3,1
9812,2026-01-20,Palta,Comercializadora del Agro de Limarí,2100.0,2200.0,2150.0,2.0,31.3,161.3,1
9813,2026-01-20,Palta,Femacal de La Calera,3400.0,3400.0,3400.0,2.0,31.3,161.3,1
9814,2026-01-20,Palta,Femacal de La Calera,3000.0,3000.0,3000.0,2.0,31.3,161.3,1
9815,2026-01-20,Palta,Femacal de La Calera,2600.0,2600.0,2600.0,2.0,31.3,161.3,1
9816,2026-01-20,Palta,Femacal de La Calera,2100.0,2100.0,2100.0,2.0,31.3,161.3,1
9817,2026-01-20,Palta,Mercado Mayorista Lo Valledor de Santiago,4000.0,4000.0,4000.0,2.0,31.3,161.3,1
9818,2026-01-20,Palta,Vega Central Mapocho de Santiago,3600.0,3600.0,3600.0,2.0,31.3,161.3,1
9819,2026-01-20,Palta,Mercado Mayorista Lo Valledor de Santiago,3800.0,3800.0,3800.0,2.0,31.3,161.3,1
9820,2026-01-20,Palta,Macroferia Regional de Talca,3600.0,3600.0,3600.0,2.0,31.3,161.3,1
9821,2026-01-20,Palta,Terminal Hortofrutícola Agro Chillán,3600.0,3600.0,3600.0,2.0,31.3,161.3,1
9822,2026-01-20,Palta,Vega Monumental Concepción,4000.0,4000.0,4000.0,2.0,31.3,161.3,1
9823,2026-01-20,Palta,Feria Lagunitas de Puerto Montt,5000.0,5000.0,5000.0,2.0,31.3,161.3,1
9824,2026-01-20,Palta,Vega Central Mapocho de Santiago,3400.0,3400.0,3400.0,2.0,31.3,161.3,1
9825,2026-01-20,Palta,Mercado Mayorista Lo Valledor de Santiago,3500.0,3500.0,3500.0,2.0,31.3,161.3,1
9826,2026-01-20,Palta,Macroferia Regional de Talca,3400.0,3400.0,3400.0,2.0,31.3,161.3,1
9827,2026-01-20,Palta,Terminal Hortofrutícola Agro Chillán,3300.0,3300.0,3300.0,2.0,31.3,161.3,1
9828,2026-01-20,Palta,Vega Monumental Concepción,3500.0,3500.0,3500.0,2.0,31.3,161.3,1
9829,2026-01-20,Palta,Feria Lagunitas de Puerto Montt,4500.0,4500.0,4500.0,2.0,31.3,161.3,1
9830,2026-01-20,Palta,Vega Central Mapocho de Santiago,3000.0,3000.0,3000.0,2.0,31.3,161.3,1
9831,2026-01-20,Palta,Mercado Mayorista Lo Valledor de Santiago,2800.0,2800.0,2800.0,2.0,31.3,161.3,1
9832,2026-01-20,Palta,Macroferia Regional de Talca,3200.0,3200.0,3200.0,2.0,31.3,161.3,1
9833,2026-01-20,Palta,Terminal Hortofrutícola Agro Chillán,3000.0,3000.0,3000.0,2.0,31.3,161.3,1
9834,2026-01-20,Palta,Vega Monumental Concepción,3000.0,3000.0,3000.0,2.0,31.3,161.3,1
9835,2026-01-20,Palta,Mercado Mayorista Lo Valledor de Santiago,2500.0,2500.0,2500.0,2.0,31.3,161.3,1
9836,2026-01-20,Palta,Vega Modelo de Temuco,3500.0,3600.0,3550.0,2.0,31.3,161.3,1
9837,2026-01-20,Palta,Vega Modelo de Temuco,2900.0,3000.0,2946.6666,2.0,31.3,161.3,1
9838,2026-01-20,Palta,Vega Modelo de Temuco,2500.0,2500.0,2500.0,2.0,31.3,161.3,1
9839,2026-01-20,Palta,Mercado Mayorista Lo Valledor de Santiago,2800.0,2800.0,2800.0,2.0,31.3,161.3,1
9840,2026-01-20,Palta,Mercado Mayorista Lo Valledor de Santiago,3800.0,3800.0,3800.0,2.0,31.3,161.3,1
9841,2026-01-20,Palta,Mercado Mayorista Lo Valledor de Santiago,2500.0,2500.0,2500.0,2.0,31.3,161.3,1
9842,2026-01-20,Palta,Mercado Mayorista Lo Valledor de Santiago,3500.0,3500.0,3500.0,2.0,31.3,161.3,1
9843,2026-01-20,Palta,Mercado Mayorista Lo Valledor de Santiago,2200.0,2200.0,2200.0,2.0,31.3,161.3,1
9844,2026-01-20,Palta,Mercado Mayorista Lo Valledor de Santiago,3200.0,3200.0,3200.0,2.0,31.3,161.3,1
9845,2026-01-20,Palta,Mercado Mayorista Lo Valledor de Santiago,2000.0,2000.0,2000.0,2.0,31.3,161.3,1
9846,2026-01-20,Palta,Mercado Mayorista Lo Valledor de Santiago,2800.0,2800.0,2800.0,2.0,31.3,161.3,1
9847,2026-01-20,Palta,Mercado Mayorista Lo Valledor de Santiago,2500.0,2500.0,2500.0,2.0,31.3,161.3,1
